School name, Suggested Mascot, website, lat, long, osmLink
Dubois Elementary School,Dragons,https://www.sps186.org/o/dubois,0,0,https://www.openstreetmap.org/node/354101921
Westfield Elementary School,Cyclones,https://www.whsd1.org,0,0,https://www.openstreetmap.org/node/354154927
Saunemin Elementary School,Eagles,https://www.saunemin.org/,0,0,https://www.openstreetmap.org/node/354207209
Washington Elementary School,Panthers,https://www.panaschools.com/,0,0,https://www.openstreetmap.org/node/354210044
Paw Paw Elementary School,Bulldogs,https://www.2paws.net/,0,0,https://www.openstreetmap.org/node/354218709
Sowers Elementary School,Rockets,https://www.rb60.com/,0,0,https://www.openstreetmap.org/node/354224133
Rappahannock Elementary School,Junior,https://rces.rappahannockschools.us/,0,0,https://www.openstreetmap.org/node/356590800
Scott Elementary School,Free,https://scott.tisd.org/,0,0,https://www.openstreetmap.org/node/356789687
Poolville Elementary School,Monarchs,https://www.poolville.net/,0,0,https://www.openstreetmap.org/node/356810700
Adamsville Elementary School,Cardinals,https://aes.mcnairycountyschools.com/,0,0,https://www.openstreetmap.org/node/356848870
Martin Luther King, Jr. Elementary School,Lions,https://sdlancaster.org/explore-our-schools/elementary/king-es/,0,0,https://www.openstreetmap.org/node/357290416
Colebrookdale Elementary School,Bears,https://www.boyertownasd.org/Domain/12,0,0,https://www.openstreetmap.org/node/357380453
Bascom Elementary School,Vikings,https://labrae.school,0,0,https://www.openstreetmap.org/node/357394326
Mesa View Elementary School,Vikings,https://mesa-view.gccs.k12.nm.us/,0,0,https://www.openstreetmap.org/node/357610785
Wagon Mound Elementary School,Trojans,https://www.wm.k12.nm.us/,0,0,https://www.openstreetmap.org/node/357613892
Fairview Elementary School,Owls,https://fairview.middletownk12.org/,0,0,https://www.openstreetmap.org/node/357739308
Alice Costello Elementary School,Bears,https://www.alicecostello.com/,0,0,https://www.openstreetmap.org/node/357748470
Prairie View Elementary School,OG,https://www.opsd.org/,0,0,https://www.openstreetmap.org/node/357778824
North DeSoto Lower Elementary School,Little,https://www.desotopsb.com/o/north-desoto-le,0,0,https://www.openstreetmap.org/node/358380529
North DeSoto Upper Elementary School,Griffins,https://www.desotopsb.com/o/north-desoto-ue,0,0,https://www.openstreetmap.org/node/358400469
East Beauregard Elementary School,Lil,https://ebe.beau.k12.la.us/,0,0,https://www.openstreetmap.org/node/358400863
Morris Hill Elementary School,Panthers,https://morrishillelementary.usd475.org,0,0,https://www.openstreetmap.org/node/358641382
Nathan Hale Elementary School,Oilers,https://www.whiting.k12.in.us/o/wms,0,0,https://www.openstreetmap.org/node/358673003
Lawton Chiles Elementary School,Falcons,https://www.hillsboroughschools.org/chiles,0,0,https://www.openstreetmap.org/node/358744482
Ethel Phillips Elementary School,dragons,https://ethelphillips.scusd.edu/,0,0,https://www.openstreetmap.org/node/358772629
Arroyo Elementary School,Macaw,https://arroyo.simivalleyusd.org/,0,0,https://www.openstreetmap.org/node/358779963
Barbara Webster Elementary School,Bobcats,https://barbarawebster.santapaulausd.org/,0,0,https://www.openstreetmap.org/node/358780296
Blanchard Elementary School,Beagles,https://blanchard.santapaulausd.org/,0,0,https://www.openstreetmap.org/node/358780897
Crestview Elementary School,CATS,https://crestview.simivalleyusd.org/,0,0,https://www.openstreetmap.org/node/358782697
Glen City Elementary School,Grizzlies,https://glencity.santapaulausd.org/,0,0,https://www.openstreetmap.org/node/358784783
McKevett Elementary School,Mustangs,https://mckevett.santapaulausd.org/,0,0,https://www.openstreetmap.org/node/358788870
John Sinnott Elementary School,Wildcats,https://sinnott.musd.org,0,0,https://www.openstreetmap.org/node/358838402
Thelma B Bedell Elementary School,Bulldogs,https://thelmabedell.santapaulausd.org/,0,0,https://www.openstreetmap.org/node/358846898
Holly Harshman Elementary School,Bearcats,https://www.menaschools.org/o/holly-harshman-elementary-school,0,0,https://www.openstreetmap.org/node/358996656
Louise Durham Elementary School,Bearcats,https://www.menaschools.org/o/louise-durham-elementary-school,0,0,https://www.openstreetmap.org/node/359021870
Hunt Elementary School,Huskies,https://hunt.sdale.org/,0,0,https://www.openstreetmap.org/node/1127325946
Redwood Shores Elementary,Seals,https://redwoodshores.brssd.org/,0,0,https://www.openstreetmap.org/node/1437820274
Afton Elementary School,Little,https://afton.lcsd2.org/,0,0,https://www.openstreetmap.org/node/2014637477
Wauseon Elementary School,Indians,https://sites.google.com/wauseonindians.org/wes/,0,0,https://www.openstreetmap.org/node/3640066973
Greenwood Elementary School,Wildcats,https://www.greenwoodsd.org/,0,0,https://www.openstreetmap.org/node/4880474607
Rio Vista Elementary School,Roadrunners,https://riovista.fillmoreusd.org/,0,0,https://www.openstreetmap.org/node/4986024980
Shenandoah Valley Elementary School,Blue,https://svbluedevils.org/,0,0,https://www.openstreetmap.org/node/5757537623
Woodrow WIlson Elementary School,Roadrunners,https://schools.graniteschools.org/wilson/,0,0,https://www.openstreetmap.org/node/6290446886
Maplewood Elementary School,Rockets,https://www.maplewood.k12.oh.us/,0,0,https://www.openstreetmap.org/node/6589735828
North Adams-Jerome Elementary School,Rams,https://www.najps.org/,0,0,https://www.openstreetmap.org/node/6786128755
Holly Pond Elementary School,Broncos,https://hpe.ccboe.org/,0,0,https://www.openstreetmap.org/node/7807483120
Conotton Valley Elementary,Rockets,https://www.cvul.org/,0,0,https://www.openstreetmap.org/node/8816015870
Wells Elementary School,Wildcats,https://wes.jones.k12.ga.us,0,0,https://www.openstreetmap.org/node/8947278118
Cipriani Elementary School,Wildcats,https://cipriani.brssd.org/,0,0,https://www.openstreetmap.org/node/8953108238
Riggs Elementary School,Roadrunners,http://www.mychandlerschools.org/riggs,0,0,https://www.openstreetmap.org/node/9897592081
Hugo T Apatiki Elementary School,Qughsatkut,https://gambell.bssd.org,0,0,https://www.openstreetmap.org/node/10940456048
Mansfield Elementary School,Wolverines,https://www.desotopsb.com/o/mansfield-es,0,0,https://www.openstreetmap.org/node/12302837336
Wortham Elementary School,Bulldogs,https://www.worthamisd.org/,0,0,https://www.openstreetmap.org/node/12312826261
Okay Upper Elementary,Mustangs,https://www.okayps.org/,0,0,https://www.openstreetmap.org/node/12350447393
Eunice Thomas Elementary,Wildcats,https://www.cassville.k12.mo.us/,0,0,https://www.openstreetmap.org/node/12773081239
Moulton Elementary School,Kittens,https://www.moultonisd.net/o/mes,0,0,https://www.openstreetmap.org/node/13021996198
Coulee City Elementary School,Warriors,https://sites.google.com/view/coulee-hartline-sd/coulee-city-elementary,0,0,https://www.openstreetmap.org/node/13207147035
Clarence Piggott Elementary School,Piggott,https://www.clarencepiggott.org,0,0,https://www.openstreetmap.org/way/27523845
C. Owen Roundy Elementary School,Roundy,https://roundyracers.com,0,0,https://www.openstreetmap.org/way/27695864
Estes McDoniel Elementary School,Marlins,https://www.mcdonieles.org/,0,0,https://www.openstreetmap.org/way/27738414
Whitney Elementary School,Wizards,https://whitneywizards.org/,0,0,https://www.openstreetmap.org/way/27856157
North River Elementary School,Dolphins,https://www.northriveres.org/,0,0,https://www.openstreetmap.org/way/27862270
W. L. Chenery Upper Elementary School,Cheetahs,https://www.belmont.k12.ma.us/o/cues,0,0,https://www.openstreetmap.org/way/29744821
Broadmeadow Elementary School,Connections,https://broadmeadow.needham.k12.ma.us/,0,0,https://www.openstreetmap.org/way/29835662
E.N. White Elementary School,Tigers,https://www.hps.holyoke.ma.us/schools/e-n-white-school/,0,0,https://www.openstreetmap.org/way/29856770
South Elementary School,Sharks,https://south.stoughtonschools.org/,0,0,https://www.openstreetmap.org/way/29860982
Pond Springs Elementary School,Pioneers,https://pondsprings.roundrockisd.org/,0,0,https://www.openstreetmap.org/way/30806173
Alamo Elementary School,Mustangs,https://ales.srvusd.net,0,0,https://www.openstreetmap.org/way/31476725
Sawyer Elementary School,Mustangs,https://sawyer.cps.edu/,0,0,https://www.openstreetmap.org/way/32078068
Fulton Elementary School,Fabulous,https://fultonfalcons.org/,0,0,https://www.openstreetmap.org/way/32078343
Washington Elementary School,Bulldogs,https://www.mpsaz.org/washington,0,0,https://www.openstreetmap.org/way/32244444
Peninsula Elementary School,Panthers,https://www.pps.net/peninsula,0,0,https://www.openstreetmap.org/way/32455839
Saint Paul Elementary and High School,Buckaroos,https://www.stpaul.k12.or.us/,0,0,https://www.openstreetmap.org/way/32456673
Gorrie Elementary School,Jaguars,https://www.hillsboroughschools.org/gorrie,0,0,https://www.openstreetmap.org/way/32557973
Pomeroy Elementary School,PANTHERS,https://www.mpsaz.org/pomeroy,0,0,https://www.openstreetmap.org/way/32701462
Whittier Elementary School,WILDCATS,https://www.mpsaz.org/whittier,0,0,https://www.openstreetmap.org/way/34139119
Thomas Wharton Elementary School,Wildcats,https://sdlancaster.org/explore-our-schools/elementary/wharton-es/,0,0,https://www.openstreetmap.org/way/34179613
Whitman Elementary School,Wildcats,https://www.mpsaz.org/whitman,0,0,https://www.openstreetmap.org/way/35675518
John Kerr Elementary School,COYOTES,https://www.mpsaz.org/kerr,0,0,https://www.openstreetmap.org/way/35708020
Ramblewood Elementary School,Raptors,https://ramblewood.fmsd.org/,0,0,https://www.openstreetmap.org/way/37707472
Farnham Elementary School,Farnham,https://www.cambriansd.org/farnham,0,0,https://www.openstreetmap.org/way/38246299
Bagby Elementary School,Bagby,https://www.cambriansd.org/Bagby,0,0,https://www.openstreetmap.org/way/38249334
South Kearns Elementary School,Top,https://schools.graniteschools.org/southkearns/,0,0,https://www.openstreetmap.org/way/38447945
David Gourley Elementary School,Pandas,https://schools.graniteschools.org/gourley/,0,0,https://www.openstreetmap.org/way/38448709
Thomas W Bacchus Elementary School,Dragons,https://schools.graniteschools.org/bacchus/,0,0,https://www.openstreetmap.org/way/38452221
Alta Vista Elementary School,Wildcats,https://altavista.rbusd.org/,0,0,https://www.openstreetmap.org/way/38554493
William Burnett Elementary School,Bulldogs,https://burnett.musd.org/,0,0,https://www.openstreetmap.org/way/39226368
Curtner Elementary School,Eagles,https://curtner.musd.org/,0,0,https://www.openstreetmap.org/way/39320310
Foster Elementary School,Falcons,https://foster.bpusd.net/,0,0,https://www.openstreetmap.org/way/39494017
Bennion Elementary School,Bobcats,https://schools.graniteschools.org/bennion/,0,0,https://www.openstreetmap.org/way/39823307
Longview Elementary School,Lions,https://longview.murrayschools.org/,0,0,https://www.openstreetmap.org/way/39838316
Los Amigos Elementary School,Dragons,https://lae.cuca.k12.ca.us,0,0,https://www.openstreetmap.org/way/39888744
Horizon Elementary School,Huskies,https://horizon.murrayschools.org/,0,0,https://www.openstreetmap.org/way/39896158
Sangster Elementary School,Falcons,https://www.fcps.edu/SangsterES/,0,0,https://www.openstreetmap.org/way/39921188
Field Elementary,Falcons,https://www.mpsaz.org/field,0,0,https://www.openstreetmap.org/way/44463430
Twin Hickory Elementary School,Trailblazers,https://twinhickory.henricoschools.us/o/twinhickory,0,0,https://www.openstreetmap.org/way/45082169
Van Arsdale Elementary School,Mountaineers,https://vanarsdale.jeffcopublicschools.org/,0,0,https://www.openstreetmap.org/way/46705335
Sierra Elementary School,Sabertooths,https://sierra.jeffcopublicschools.org/,0,0,https://www.openstreetmap.org/way/46818370
John Adams Elementary School,Patriots,https://adams.cnusd.k12.ca.us/,0,0,https://www.openstreetmap.org/way/46868641
Adams Elementary School,Eagles,https://bettyadams.jeffcopublicschools.org/,0,0,https://www.openstreetmap.org/way/47237443
Cotton Creek Elementary School,Cougars,https://cotton.adams12.org/,0,0,https://www.openstreetmap.org/way/48116312
Sutherland Elementary School,Cougars,https://www.sutherlandcougars.org/,0,0,https://www.openstreetmap.org/way/48204353
Skyway Park Elementary School,Comets,https://skyway.cmsd12.org/,0,0,https://www.openstreetmap.org/way/50332427
Dare Elementary School,Dolphins,https://ycsd.yorkcountyschools.org/DES,0,0,https://www.openstreetmap.org/way/50884922
Sellers Elementary School,Vikings,https://www.sellersvikings.org/,0,0,https://www.openstreetmap.org/way/51207359
Devinny Elementary School,Knights,https://devinny.jeffcopublicschools.org,0,0,https://www.openstreetmap.org/way/51735209
Buttonwillow Elementary School,Roadrunners,http://www.buttonwillow.k12.ca.us,0,0,https://www.openstreetmap.org/way/53994047
Franklin Avenue Elementary School,Franklin,https://www.franklinavenueschool.org/,0,0,https://www.openstreetmap.org/way/58582036
William H. Garrison Elementary School,Gorillas,https://garrison.mcs4kids.com/,0,0,https://www.openstreetmap.org/way/62249270
Sunridge Elementary School,Sidewinders,https://sunr.fesd.org/,0,0,https://www.openstreetmap.org/way/66166058
Herndon Elementary School,Bees,https://herndones.fcps.edu/,0,0,https://www.openstreetmap.org/way/67066439
Rose Hill Elementary School,Rockets,https://www.fcps.edu/RoseHillES/,0,0,https://www.openstreetmap.org/way/69082033
Victoria Elementary School,College,https://victoria-lausd-ca.schoolloop.com/,0,0,https://www.openstreetmap.org/way/71226011
Forest Edge Elementary School,Eagles,https://www.fcps.edu/ForestEdgeES/,0,0,https://www.openstreetmap.org/way/79143078
Lake Anne Elementary School,Dolphins,https://lakeannees.fcps.edu/,0,0,https://www.openstreetmap.org/way/79666016
Boyertown Elementary School,Bears,https://www.boyertownasd.org/Domain/11,0,0,https://www.openstreetmap.org/way/81105485
Van Ness Elementary School,All,https://vannessavees.lausd.org/,0,0,https://www.openstreetmap.org/way/82586877
Holmes Elementary School,Roadrunners,https://www.mpsaz.org/holmes,0,0,https://www.openstreetmap.org/way/85610382
Lindbergh Elementary School,LOBOS,https://www.mpsaz.org/lindbergh,0,0,https://www.openstreetmap.org/way/85610383
Weber Elementary School,Eagles,https://weber.jeffcopublicschools.org/,0,0,https://www.openstreetmap.org/way/86979914
Bremen Elementary/Middle School,Lions,https://www.bps.k12.in.us/,0,0,https://www.openstreetmap.org/way/89526062
Davis Elementary School,Dragons,https://www.hillsboroughschools.org/davis,0,0,https://www.openstreetmap.org/way/89634654
Lake Magdalene Elementary School,Manatees,https://www.hillsboroughschools.org/lakemagdalene,0,0,https://www.openstreetmap.org/way/90757781
Creekside Elementary School,Cheetahs,https://cses.psd202.org/,0,0,https://www.openstreetmap.org/way/92142981
Pot Spring Elementary School,Bluebirds,https://potspringes.bcps.org/,0,0,https://www.openstreetmap.org/way/96620134
Dever Elementary School,Dragons,https://dever.cps.edu/,0,0,https://www.openstreetmap.org/way/96841135
Terra Centre Elementary School,Tigers,https://www.fcps.edu/TerraCentreES/,0,0,https://www.openstreetmap.org/way/97560099
Fairview Elementary School,Soaring,https://www.fcps.edu/FairviewES/,0,0,https://www.openstreetmap.org/way/97572207
Crestwood Elementary School,Lions,https://www.hillsboroughschools.org/crestwood,0,0,https://www.openstreetmap.org/way/99000111
North Point Elementary School,Navigators,https://northpoint.alpineschools.org/,0,0,https://www.openstreetmap.org/way/101029609
Snow Springs Elementary School,Dragons,https://snowsprings.alpineschools.org/,0,0,https://www.openstreetmap.org/way/101050659
Grace Thille Elementary School,Tigers,https://gracethille.santapaulausd.org/,0,0,https://www.openstreetmap.org/way/103623034
Anderson Elementary School,Eagles,https://www.hillsboroughschools.org/anderson,0,0,https://www.openstreetmap.org/way/106962657
Sabal Elementary School,Trailblazers,https://www.brevardschools.org/SabalES,0,0,https://www.openstreetmap.org/way/107602206
Broward Elementary School,Tigers,https://www.hillsboroughschools.org/broward,0,0,https://www.openstreetmap.org/way/110897017
Sheehy Elementary School,Lions,https://www.hillsboroughschools.org/sheehy,0,0,https://www.openstreetmap.org/way/112365745
Monte Vista Elementary School,Mustangs,https://montevista.jordandistrict.org/,0,0,https://www.openstreetmap.org/way/113225250
Bay Crest Elementary School,Seagulls,https://www.hillsboroughschools.org/baycrest,0,0,https://www.openstreetmap.org/way/113528869
Woodbridge Elementary School,Wildcats,https://www.hillsboroughschools.org/woodbridge,0,0,https://www.openstreetmap.org/way/113528871
Larkspur Elementary School,Leopards,https://www.neisd.net/larkspur/,0,0,https://www.openstreetmap.org/way/113536562
Paris Elementary School,Eagles,https://www.parisschools.org/o/pes,0,0,https://www.openstreetmap.org/way/117439060
Sunrise Elementary School,SUNsational,https://sunriseelementary.org/,0,0,https://www.openstreetmap.org/way/117751124
Paseo Verde Elementary School,Storm,https://www.peoriaunified.org/PaseoVerde,0,0,https://www.openstreetmap.org/way/118264726
Sky View Elementary School,Sky,https://www.peoriaunified.org/skyview,0,0,https://www.openstreetmap.org/way/118265777
Cheyenne Elementary School,Chiefs,https://www.peoriaunified.org/Cheyenne,0,0,https://www.openstreetmap.org/way/118265778
Butterfield Elementary School,Bobcats,https://www.musd20.org/bes,0,0,https://www.openstreetmap.org/way/120480200
Cirby Elementary School,Eagles,https://cirby.rcsdk8.org/,0,0,https://www.openstreetmap.org/way/120650330
Oak Grove Elementary School,Jaguars,https://www.hillsboroughschools.org/oakgrove,0,0,https://www.openstreetmap.org/way/120875532
Mabry Elementary School,Dolphins,https://www.hillsboroughschools.org/mabry,0,0,https://www.openstreetmap.org/way/120926812
Ferris Spanger Elementary School,Spartans,https://spanger.rcsdk8.org/,0,0,https://www.openstreetmap.org/way/121005334
Sargeant Elementary School,Bulldogs,https://sargeant.rcsdk8.org/,0,0,https://www.openstreetmap.org/way/121005339
Vencil Brown Elementary School,Grizzlies,https://brown.rcsdk8.org/,0,0,https://www.openstreetmap.org/way/121005353
Woodbridge Elementary School,Woodchucks,https://woodbridge.rcsdk8.org/,0,0,https://www.openstreetmap.org/way/121005358
Catheryn Gates Elementary School,Explorers,https://gates.rcsdk8.org/,0,0,https://www.openstreetmap.org/way/121005374
Crestmont Elementary School,Coyotes,https://crestmont.rcsdk8.org/,0,0,https://www.openstreetmap.org/way/121005384
Stoneridge Elementary School,Timberwolves,https://stoneridge.rcsdk8.org/,0,0,https://www.openstreetmap.org/way/121005406
Pioneer Elementary School,Patriots,https://www.peoriaunified.org/pioneer,0,0,https://www.openstreetmap.org/way/121161270
Sundance Elementary School,Aztecs,https://www.peoriaunified.org/sundance,0,0,https://www.openstreetmap.org/way/123377118
Ira A Murphy Elementary School,Mustangs,https://www.peoriaunified.org/iramurphy,0,0,https://www.openstreetmap.org/way/125097564
Santa Fe Elementary School,Spanish,https://www.peoriaunified.org/SantaFe,0,0,https://www.openstreetmap.org/way/125100294
Vincent L. Triggs Elementary,Travelers,https://triggses.com/,0,0,https://www.openstreetmap.org/way/130170493
Vegas Verdes Elementary School,Vikings,https://vegasverdesvikings.com/,0,0,https://www.openstreetmap.org/way/130208334
Oak Ridge Elementary School,Soaring,https://www.leonschools.net/oakridge,0,0,https://www.openstreetmap.org/way/131941487
Town and Country Elementary School,Tigers,https://www.hillsboroughschools.org/townandcountry,0,0,https://www.openstreetmap.org/way/132834413
Dellview Elementary School,Dolphins,https://www.neisd.net/dellview,0,0,https://www.openstreetmap.org/way/133581801
Jackson-Keller Elementary School,Jack,https://www.neisd.net/jacksonkeller,0,0,https://www.openstreetmap.org/way/133589764
Roy Allen Elementary,Panthers,https://www.brevardschools.org/o/raes,0,0,https://www.openstreetmap.org/way/135415536
Castle Hills Elementary School,Roadrunners,https://www.neisd.net/castlehills,0,0,https://www.openstreetmap.org/way/141326949
Westbriar Elementary School,Falcons,https://westbriares.fcps.edu/,0,0,https://www.openstreetmap.org/way/142538114
Lincoln Park Elementary School,LP,https://lp.ddouglas.k12.or.us/,0,0,https://www.openstreetmap.org/way/142741812
Sunset Elementary School,Mighty,https://www.sysdschools.org/Domain/11,0,0,https://www.openstreetmap.org/way/143120841
Royal Ridge Elementary School,Patriots,https://www.neisd.net/royalridge,0,0,https://www.openstreetmap.org/way/148164701
Mendoza Elementary School,the,https://mendoza.sbusd.org/,0,0,https://www.openstreetmap.org/way/149560871
Oak Hill Elementary School,Falcons,https://www.slps.org/oakhill,0,0,https://www.openstreetmap.org/way/149711787
West Jefferson Elementary School,Bobcats,https://westjeffes.jeffcopublicschools.org/,0,0,https://www.openstreetmap.org/way/149965140
Ishikawa Elementary School,Dragons,https://www.mpsaz.org/ishikawa,0,0,https://www.openstreetmap.org/way/150793346
Lehi Elementary School,LYNX,https://www.mpsaz.org/lehi,0,0,https://www.openstreetmap.org/way/151283005
Monroe Elementary School,Mighty,https://www.slps.org/Domain/1259,0,0,https://www.openstreetmap.org/way/152500106
Tuscano Elementary School,Jaguars,https://tusc.fesd.org/,0,0,https://www.openstreetmap.org/way/152752786
Littleton Elementary School,Firebirds,https://lnes.littletonaz.org/,0,0,https://www.openstreetmap.org/way/153276444
Apalachee Elementary School,Shining,https://www.leonschools.net/apalachee,0,0,https://www.openstreetmap.org/way/155603777
Bluffdale Elementary School,Bulldogs,https://bluffdale.jordandistrict.org/,0,0,https://www.openstreetmap.org/way/155906728
Olmos Elementary School,Owls,https://www.neisd.net/olmos,0,0,https://www.openstreetmap.org/way/164875959
Oak Grove Elementary School,Panthers,https://www.neisd.net/oakgrove/,0,0,https://www.openstreetmap.org/way/165369020
Stahl Elementary School,Stallions,https://www.neisd.net/stahl/,0,0,https://www.openstreetmap.org/way/165369495
Patterson Elementary School,COYOTES,https://www.mpsaz.org/patterson,0,0,https://www.openstreetmap.org/way/170998281
O'Melveny Elementary School,Super,https://omelvenyes.lausd.org/,0,0,https://www.openstreetmap.org/way/172229840
Taft Elementary School,White,https://www.mpsaz.org/taft,0,0,https://www.openstreetmap.org/way/172747018
Bridge Street Elementary School,Tigers,https://bridgestes.lausd.org/,0,0,https://www.openstreetmap.org/way/174251095
Stevenson Elementary School,STALLIONS,https://www.mpsaz.org/stevenson,0,0,https://www.openstreetmap.org/way/175775643
Patricia A. Bendorf Elementary School,Bobcats,https://bendorfelementary.org,0,0,https://www.openstreetmap.org/way/179893387
Bond Elementary School,Panthers,https://www.leonschools.net/astoriapark,0,0,https://www.openstreetmap.org/way/181815413
Carnegie Elementary School,Cougars,https://carnegie.cps.edu/,0,0,https://www.openstreetmap.org/way/182015262
Wetmore Elementary School,Rangers,https://www.neisd.net/wetmore/,0,0,https://www.openstreetmap.org/way/183679323
Mesa View Elementary School,Jaguars,https://mwes.chinleusd.k12.az.us/,0,0,https://www.openstreetmap.org/way/184815150
Huebner Elementary School,Huskies,https://www.neisd.net/huebner/,0,0,https://www.openstreetmap.org/way/185737633
Rancho Romero Elementary School,Roadrunners,https://rres.srvusd.net,0,0,https://www.openstreetmap.org/way/189370222
Olde Creek Elementary School,Bears,https://www.fcps.edu/OldeCreekES/,0,0,https://www.openstreetmap.org/way/191005142
Mattie Lou Maxwell Elementary School,Roadrunners,https://maxwell.magnoliasd.org/,0,0,https://www.openstreetmap.org/way/195017623
Sor Juana Elementary School,Phoenixes,https://www.sorjuana.cps.edu/,0,0,https://www.openstreetmap.org/way/195650541
Edison Park Elementary School,Wolves,https://edisonparkelementary.org/,0,0,https://www.openstreetmap.org/way/195837348
Vera Scott Elementary School,Scott,https://scott.d11.org/,0,0,https://www.openstreetmap.org/way/197415137
Riley Elementary School,Rams,https://riley.lps.org/,0,0,https://www.openstreetmap.org/way/198702462
Sunnyside Elementary School,Trojans,http://www.sunnysideunion.com/,0,0,https://www.openstreetmap.org/way/200293894
Liberty Elementary School,Liberty,http://www.libertyelementary.org/,0,0,https://www.openstreetmap.org/way/200295086
Peter G. Schmidt Elementary School,Eagles,https://pgs.tumwater.k12.wa.us/,0,0,https://www.openstreetmap.org/way/200667412
Jefferson Elementary School,Jets,http://jefferson.dinuba.k12.ca.us/,0,0,https://www.openstreetmap.org/way/200795812
Roosevelt Elementary School,Rams,http://roosevelt.dinuba.k12.ca.us/,0,0,https://www.openstreetmap.org/way/200795831
Woodlake Elementary School,Beavers,https://woodlake.trusd.net/,0,0,https://www.openstreetmap.org/way/202373733
Christopher Dena Elementary School,Mighty,https://christopheres.lausd.org/,0,0,https://www.openstreetmap.org/way/202894804
Ford Boulevard Elementary & Dual Language Academy,Bulldogs,https://fordblvdes.lausd.org/,0,0,https://www.openstreetmap.org/way/202906383
Hooper Avenue Elementary School,Super,https://hooperavees.lausd.org/,0,0,https://www.openstreetmap.org/way/203193554
Baranoff Elementary School,Mighty,https://baranoff.austinschools.org/,0,0,https://www.openstreetmap.org/way/203387373
Graham Elementary School,Bulldogs,https://grahames-lausd-ca.schoolloop.com/,0,0,https://www.openstreetmap.org/way/203436313
Stanford Avenue Elementary School,Tigers,https://stanfordavees.lausd.org/,0,0,https://www.openstreetmap.org/way/203436437
Roosevelt Elementary School,Roadrunners,https://roos.usd470.com/,0,0,https://www.openstreetmap.org/way/203681104
Fulford Elementary School,Falcons,https://fulfordelementary.net/,0,0,https://www.openstreetmap.org/way/204764743
Neil Armstrong Elementary School,Positive,https://www.yourcharlotteschools.net/nae,0,0,https://www.openstreetmap.org/way/207257886
Sunkist Elementary School,Sabercats,https://anaheimelementary.org/sunkist/,0,0,https://www.openstreetmap.org/way/209716077
Aldridge Elementary School,Altgeld,https://aldridgeeagles.org/,0,0,https://www.openstreetmap.org/way/215329001
Mary Lyon Elementary School,Lions,https://www.marylyonschool.com/,0,0,https://www.openstreetmap.org/way/217929566
Cascade Elementary School,cougar,https://www.msd25.org/o/cascade-elementary-school,0,0,https://www.openstreetmap.org/way/219716084
Douglas Taylor Elementary School,Panthers,https://taylor.cps.edu/,0,0,https://www.openstreetmap.org/way/219842988
Riverview Elementary School,Gators,https://www.hillsboroughschools.org/riverviewes,0,0,https://www.openstreetmap.org/way/220476517
Arthur Ashe Elementary School,Eagles,https://ashe.cps.edu/,0,0,https://www.openstreetmap.org/way/224810572
Arborwood South Elementary School,Eagles,https://www.monroe.k12.mi.us/AEC,0,0,https://www.openstreetmap.org/way/225337749
Nathan S. Davis Elementary School,Bears,https://nathansdavis.cps.edu/,0,0,https://www.openstreetmap.org/way/226617023
Wendell Smith Elementary School,Seagulls,https://wendellsmith.cps.edu/,0,0,https://www.openstreetmap.org/way/229340989
F. O. Holaway Elementary School,Coyotes,https://holaway.amphi.com/,0,0,https://www.openstreetmap.org/way/229488464
Franklin Elementary School,Falcons,https://franklin.alamedaunified.org/,0,0,https://www.openstreetmap.org/way/230605410
Astoria Park Elementary School,Panthers,https://www.leonschools.net/astoriapark,0,0,https://www.openstreetmap.org/way/231113633
Bull Run Elementary School,Bulls,https://bullrunes.fcps.edu/,0,0,https://www.openstreetmap.org/way/231329852
Greenbrook Elementary School,Eagles,https://gbes.srvusd.net,0,0,https://www.openstreetmap.org/way/231409734
New Sullivan Elementary School,Spartans,https://newsullivan.cps.edu/,0,0,https://www.openstreetmap.org/way/231646935
Lenart Elementary Regional Gifted Center,L,https://lenart.cps.edu/,0,0,https://www.openstreetmap.org/way/231670517
Michael T. Simmons Elementary School,Wolf,https://mts.tumwater.k12.wa.us/,0,0,https://www.openstreetmap.org/way/231722307
Marshall Road Elementary School,Roadrunners,https://marshallroades.fcps.edu/,0,0,https://www.openstreetmap.org/way/232080786
John L. Marsh Elementary School,Mustangs,https://jlmarsh.org/,0,0,https://www.openstreetmap.org/way/232266781
Wakefield Elementary School,Wildcats,https://wakefield.turlock.k12.ca.us/,0,0,https://www.openstreetmap.org/way/232386947
Gold Camp Elementary School,Cougars,https://gce.cmsd12.org/,0,0,https://www.openstreetmap.org/way/232727358
Rosenwald Elementary School,Lions,https://carroll-rosenwald.cps.edu/,0,0,https://www.openstreetmap.org/way/234346101
Carroll Elementary School,Lions,https://carroll-rosenwald.cps.edu/,0,0,https://www.openstreetmap.org/way/234366782
Union Elementary School,BOBCATS,https://www.union.k12.or.us/,0,0,https://www.openstreetmap.org/way/236497343
Haycock Elementary School,Cougars,https://haycockes.fcps.edu/,0,0,https://www.openstreetmap.org/way/239022347
Kent Gardens Elementary School,Lions,https://kentgardenses.fcps.edu/,0,0,https://www.openstreetmap.org/way/239022678
Franklin Sherman Elementary School,Pandas,https://franklinshermanes.fcps.edu/,0,0,https://www.openstreetmap.org/way/239273241
West Springfield Elementary School,Mustangs,https://www.fcps.edu/WestSpringfieldES/,0,0,https://www.openstreetmap.org/way/242555769
Childs Elementary School,Jaguars,https://childs.mccsc.edu/,0,0,https://www.openstreetmap.org/way/245676105
Fort Sam Houston Elementary School,Cougar,https://fshelem.fshisd.net/,0,0,https://www.openstreetmap.org/way/246734057
Las Lomas Elementary School,Lions,https://www.neisd.net/laslomas/,0,0,https://www.openstreetmap.org/way/247169599
Achievement First Endeavor Elementary,Beavers,https://www.achievementfirst.org/school/achievement-first-endeavor-elementary-school/,0,0,https://www.openstreetmap.org/way/248178930
Independence Elementary School,Mighty,https://indy-rockets.org/,0,0,https://www.openstreetmap.org/way/248183446
Sixth Avenue Elementary School,Eagles,https://6thavees.lausd.org/,0,0,https://www.openstreetmap.org/way/248402871
May Overby Elementary School,Golden,https://www.aberdeen.k12.sd.us/o/may-overby,0,0,https://www.openstreetmap.org/way/248414789
Robert F. Kennedy Elementary School,Scholarly,https://kennedyes.compton.k12.ca.us/,0,0,https://www.openstreetmap.org/way/248606091
Kinder Ranch Elementary School,Brand,https://kres.comalisd.org/,0,0,https://www.openstreetmap.org/way/250150575
Lane Elementary School,Lions,https://www.fcps.edu/LaneES/,0,0,https://www.openstreetmap.org/way/251711368
Newington Forest Elementary School,Knights,https://newingtonforestes.fcps.edu/,0,0,https://www.openstreetmap.org/way/251712143
East Olympia Elementary School,Engineers,https://eoe.tumwater.k12.wa.us/,0,0,https://www.openstreetmap.org/way/255969026
Wood Ranch Elementary School,Wildcats,https://woodranch.simivalleyusd.org/,0,0,https://www.openstreetmap.org/way/259508063
Cardinal Forest Elementary School,Mighty,https://cardinalforestes.fcps.edu/,0,0,https://www.openstreetmap.org/way/260699612
Cardinal Forest Elementary School,Mighty,https://cardinalforestes.fcps.edu/,0,0,https://www.openstreetmap.org/way/260699613
Sauk Elementary School,Eagles,https://sauk.sd162.org/,0,0,https://www.openstreetmap.org/way/262588491
Edward Zeiger Elementary School,Explorers,https://zei.puyallupsd.org/,0,0,https://www.openstreetmap.org/way/264100845
Wildwood Park Elementary School,Wildcats,https://wil.puyallupsd.org/,0,0,https://www.openstreetmap.org/way/264130314
Northwood Elementary School,Knights,https://nor.puyallupsd.org/,0,0,https://www.openstreetmap.org/way/264162034
Brouillet Elementary School,Bobcats,https://bro.puyallupsd.org/,0,0,https://www.openstreetmap.org/way/264164829
Warren Hunt Elementary School,Highlanders,https://hun.puyallupsd.org/,0,0,https://www.openstreetmap.org/way/264165672
Benjamin Logan Elementary School,Raiders,https://es.benjaminlogan.org/,0,0,https://www.openstreetmap.org/way/266705557
James Ward Elementary School,Jaguars,https://www.jameswardschool.com/,0,0,https://www.openstreetmap.org/way/269633828
Martha B. Day Elementary School,Bees,https://mbd.bpsnj.org/,0,0,https://www.openstreetmap.org/way/275602218
Samuel R. Donald Elementary School,Dolphins,https://srd.bpsnj.org/,0,0,https://www.openstreetmap.org/way/276388366
Oliver W. Holmes Elementary School,Hawks,https://www.op97.org/holmes,0,0,https://www.openstreetmap.org/way/277096006
Richardson Heights Elementary School,Heights,https://schools.risd.org/RichardsonHeightsES,0,0,https://www.openstreetmap.org/way/279669330
Apollo Elementary School,Apollo,https://apollo.bossierschools.org/,0,0,https://www.openstreetmap.org/way/293482132
North Elementary School,Golden,https://www.lamesaisd.net/,0,0,https://www.openstreetmap.org/way/300684378
Sandy Plains Elementary School,Eagles,https://sandyplainses.bcps.org/,0,0,https://www.openstreetmap.org/way/300813951
Lake Forest Hills Elementary School,Dolphins,http://lforest-hills.rcboe.org/,0,0,https://www.openstreetmap.org/way/301418466
Coker Elementary School,Cubs,https://www.neisd.net/coker/,0,0,https://www.openstreetmap.org/way/303129809
Lincoln Elementary School,Roadrunners,https://www.lincolnroadrunners.org/,0,0,https://www.openstreetmap.org/way/310896036
Wolftrap Elementary School,Wolves,https://wolftrapes.fcps.edu/,0,0,https://www.openstreetmap.org/way/311396952
Sardinia Elementary School,Warriors,http://eb.k12.oh.us/sardiniaelementary_home.aspx,0,0,https://www.openstreetmap.org/way/313042236
Broadmoor Elementary School,Panthers,https://bdmhobbs.sharpschool.com/,0,0,https://www.openstreetmap.org/way/317846260
Edison Elementary School,Edison,https://edihobbs.sharpschool.com/,0,0,https://www.openstreetmap.org/way/317846265
Taylor Elementary School,Taylor,https://tayhobbs.sharpschool.com/,0,0,https://www.openstreetmap.org/way/317846304
Glenn Hills Elementary School,Gators,http://ghes.rcboe.org/,0,0,https://www.openstreetmap.org/way/319371978
Manor Elementary School,Bobcats,https://www.monroe.k12.mi.us/MES/,0,0,https://www.openstreetmap.org/way/320533299
Raisinville Elementary School,Roadrunners,https://www.monroe.k12.mi.us/RES/,0,0,https://www.openstreetmap.org/way/320540082
Waterloo Elementary School,Wildcats,https://www.monroe.k12.mi.us/WES/,0,0,https://www.openstreetmap.org/way/320541346
Alafia Elementary School,Alafia,https://www.hillsboroughschools.org/alafia,0,0,https://www.openstreetmap.org/way/322998257
Village Elementary School,Explorers,https://village.coronadousd.net/,0,0,https://www.openstreetmap.org/way/330871428
Broadmoor Elementary School,Bears,https://www.lpssonline.com/schools/broadmoor,0,0,https://www.openstreetmap.org/way/339830662
Trevilians Elementary School,Eagles,https://tes.lcps.k12.va.us/,0,0,https://www.openstreetmap.org/way/344623687
Lakeview Elementary School,Leopards,https://www.lakeview.besd.net/,0,0,https://www.openstreetmap.org/way/345054758
Bataan Elementary School,Wildcats,https://bataan.demingps.org/,0,0,https://www.openstreetmap.org/way/346547403
Bell Elementary School,Wildcats,https://bell.demingps.org/,0,0,https://www.openstreetmap.org/way/346547404
Chaparral Elementary School,Wildcats,https://chaparral.demingps.org/,0,0,https://www.openstreetmap.org/way/346547405
Columbus Elementary School,Wildcats,https://columbus.demingps.org/,0,0,https://www.openstreetmap.org/way/346547410
Memorial Elementary School,Wildcats,https://memorial.demingps.org/,0,0,https://www.openstreetmap.org/way/346547426
Texhoma Elementary School,Red,https://www.texhomaisd.net/,0,0,https://www.openstreetmap.org/way/347981657
Southwest Elementary,Cardinals,https://www.lawsoncardinals.org/page/southwest-elementary,0,0,https://www.openstreetmap.org/way/348009762
Colinas del Norte Elementary School,Hawks,https://colinas.rrps.net/,0,0,https://www.openstreetmap.org/way/348165856
Cielo Azul Elementary School,Ravens,https://cieloazul.rrps.net/,0,0,https://www.openstreetmap.org/way/348166212
Viewmont Elementary School,Bears,https://viewmont.hickoryschools.net/,0,0,https://www.openstreetmap.org/way/350174855
Trail Wind Elementary School,Pioneers,https://trailwind.boiseschools.org/,0,0,https://www.openstreetmap.org/way/355369521
Camelot Elementary School,Knights,https://www.neisd.net/camelot/,0,0,https://www.openstreetmap.org/way/355399884
Windcrest Elementary School,Shining,https://www.neisd.net/windcrest/,0,0,https://www.openstreetmap.org/way/355399891
El Dorado Elementary School,Mustangs,https://www.neisd.net/eldorado/,0,0,https://www.openstreetmap.org/way/359509996
Woodstone Elementary School,Riders,https://www.neisd.net/woodstone/,0,0,https://www.openstreetmap.org/way/359512779
Wright Elementary School,Wildcats,https://schools.graniteschools.org/wright/,0,0,https://www.openstreetmap.org/way/360628752
Parkside Elementary School,Mustangs,https://parkside.leanderisd.org/,0,0,https://www.openstreetmap.org/way/368070929
Blanco Vista Elementary School,Wildcats,https://www.hayscisd.net/o/bves,0,0,https://www.openstreetmap.org/way/368158095
Glendale Elementary School,Eagles,http://sites.isdschools.org/glendale,0,0,https://www.openstreetmap.org/way/375736795
Country Meadows Elementary School,Vipers,https://www.peoriaunified.org/CountryMeadows,0,0,https://www.openstreetmap.org/way/376646613
Cayetano Cavazos Elementary School,Cougars,https://cavazos.ecisd.us/,0,0,https://www.openstreetmap.org/way/378772942
Harrison Elementary School,Huskies,http://harrison.warsaw.k12.in.us/,0,0,https://www.openstreetmap.org/way/379749759
East Terrell Hills Elementary School,Wolves,https://www.neisd.net/eth/,0,0,https://www.openstreetmap.org/way/382413691
Farias Elementary School,Mightly,https://fariases.elisd.org/,0,0,https://www.openstreetmap.org/way/388803417
East Elementary School,Panthers,https://www.eastelementaryschool.org/,0,0,https://www.openstreetmap.org/way/389268877
Green Springs Elementary School,Fliers,https://www.clyde.k12.oh.us/schools/green-springs-elementary,0,0,https://www.openstreetmap.org/way/390181431
Doris Ross Reddick Elementary School,Rays,https://www.hillsboroughschools.org/reddick,0,0,https://www.openstreetmap.org/way/394253652
Hunters Glen Elementary,OWLS,https://www.fortbendisd.com/HGE,0,0,https://www.openstreetmap.org/way/401006701
Northside Elementary School,Mustangs,https://www.morrisonschools.org/page/northside,0,0,https://www.openstreetmap.org/way/403278332
Nathanael Greene Elementary School,Hornets,https://greene.cps.edu/,0,0,https://www.openstreetmap.org/way/405330583
Bing Wong Elementary,Tigers,https://wong.sbcusd.com/,0,0,https://www.openstreetmap.org/way/406245037
Johnson Elementary School,jaguars,https://johnson.bryanisd.org/,0,0,https://www.openstreetmap.org/way/408482929
Alta Loma Elementary School,Lobos,https://www.peoriaunified.org/altaloma,0,0,https://www.openstreetmap.org/way/415762152
Springwood Elementary School,Owls,https://www.leonschools.net/Springwood,0,0,https://www.openstreetmap.org/way/416797554
Red Rock Elementary School,Red,https://redrockschools.com/,0,0,https://www.openstreetmap.org/way/418120193
Cowpens Elementary School,Cougars,http://cowpens.spartanburg3.org/,0,0,https://www.openstreetmap.org/way/423232816
Pacolet Elementary School,Panthers,http://pacolet.spartanburg3.org/,0,0,https://www.openstreetmap.org/way/423249537
Kent Elementary School,Wildcats,https://www.kent.k12.wa.us/KE,0,0,https://www.openstreetmap.org/way/426268476
Buck Lake Elementary,Bobcats,https://www.leonschools.net/bucklake,0,0,https://www.openstreetmap.org/way/427061665
Sally Mauro Elementary School,Bulls,https://www.carbonschools.org/o/sally-mauro-elementary,0,0,https://www.openstreetmap.org/way/428033056
E. Melvin Honeycutt Elementary School,Panthers,http://hces.ccs.k12.nc.us/,0,0,https://www.openstreetmap.org/way/428779561
West Pine Elementary School,Wildcat,https://www.ncmcs.org/wpes,0,0,https://www.openstreetmap.org/way/429077366
Barbara Bush Elementary School,Bobcats,https://www.mpsaz.org/bush,0,0,https://www.openstreetmap.org/way/429544279
Edison Elementary,Eagles,https://www.mpsaz.org/edison,0,0,https://www.openstreetmap.org/way/429544283
Hale Elementary School,Heroes,https://www.mpsaz.org/hale,0,0,https://www.openstreetmap.org/way/429544286
Irving Elementary School,Iguanas,https://www.mpsaz.org/irving,0,0,https://www.openstreetmap.org/way/429544291
Longfellow Elementary School,FALCONS,https://www.mpsaz.org/longfellow,0,0,https://www.openstreetmap.org/way/429544299
MacArthur Elementary School,MUSTANGS,https://www.mpsaz.org/macarthur,0,0,https://www.openstreetmap.org/way/429544301
Robson Elementary School,ALL,https://www.mpsaz.org/robson,0,0,https://www.openstreetmap.org/way/429544306
Zaharis Elementary School,SOARING,https://www.mpsaz.org/zaharis,0,0,https://www.openstreetmap.org/way/429544308
Oyster Creek Elementary,BLUE,https://www.fortbendisd.com/oce,0,0,https://www.openstreetmap.org/way/430827819
Peachland Polkton Elementary School,Colts,https://www.ansonschools.org/PPES/,0,0,https://www.openstreetmap.org/way/435090318
North Elementary School,Seminoles,https://www.osd1.org/,0,0,https://www.openstreetmap.org/way/436748244
East Elementary School,Eagles,https://www.ucps.k12.nc.us/Domain/13,0,0,https://www.openstreetmap.org/way/439634917
Peter A. Reinberg Elementary School,Rockets,https://reinberg.cps.edu/,0,0,https://www.openstreetmap.org/way/440264250
Citizen's Memorial Elementary School,soaring,http://citizensmemorial.weebly.com/,0,0,https://www.openstreetmap.org/way/442656844
Seitz Elementary,Dragons,https://seitzelementary.usd475.org/,0,0,https://www.openstreetmap.org/way/446197767
Lincoln Elementary School,Leopards,https://www.ccsdut.org/lincoln,0,0,https://www.openstreetmap.org/way/452290001
Springfield Estates Elementary School,Eagles,https://springfieldestateses.fcps.edu/,0,0,https://www.openstreetmap.org/way/454985023
Rock Hill Elementary School,Redmen,https://www.rockhill.org/o/rock-hill/page/rock-hill-elementary-school,0,0,https://www.openstreetmap.org/way/456545628
Carolyn and Vernon Madden Elementary,HUSKIES,https://www.fortbendisd.com/cvme,0,0,https://www.openstreetmap.org/way/457328643
Holley Elementary,HAWKS,https://www.fortbendisd.com/mhe,0,0,https://www.openstreetmap.org/way/457328664
Maple Hill Elementary School,HAWKS,https://www.maplehillschool.org/,0,0,https://www.openstreetmap.org/way/461753981
Grady Elementary School,Tigers,https://www.hillsboroughschools.org/grady,0,0,https://www.openstreetmap.org/way/464813118
Ben Lomond Elementary School,Bears,https://www.c-vusd.org/benlomond,0,0,https://www.openstreetmap.org/way/465544157
Edward Sadlowski Elementary School,Saber,https://sadlowski.cps.edu/,0,0,https://www.openstreetmap.org/way/465831721
Pleasant Valley Elementary School,Stars,https://pleasantvalley.parmacityschools.org/,0,0,https://www.openstreetmap.org/way/467466063
Northwood Elementary School,Unicorns,https://www.neisd.net/northwood,0,0,https://www.openstreetmap.org/way/468613071
Green Valley Elementary School,Colts,https://gves.srvusd.net,0,0,https://www.openstreetmap.org/way/469234680
Trailside Elementary School,Raptors,https://trailside.alpineschools.org/,0,0,https://www.openstreetmap.org/way/474430510
New Hampton Elementary School,Chickasaws,https://www.new-hampton.k12.ia.us/page/elementary-school,0,0,https://www.openstreetmap.org/way/477321503
Edwin S Dodson Elementary School,Grizzlies,https://www.washoeschools.net/dodson,0,0,https://www.openstreetmap.org/way/477401690
Lark Elementary School,Spartans,https://www.westmonona.org/,0,0,https://www.openstreetmap.org/way/478698673
Ridgebrook Elementary School,Dolphins,https://ridgebrook.parmacityschools.org/,0,0,https://www.openstreetmap.org/way/479766043
Timothy Ball Elementary School,bulldogs,https://www.cps.k12.in.us/Domain/673,0,0,https://www.openstreetmap.org/way/483286560
Mountain View Elementary School,Mustangs,https://www.mountainviewes.org/,0,0,https://www.openstreetmap.org/way/484264074
Chancellor Avenue Elementary School,Bulldogs,https://irvington.k12.nj.us/schools/chancellor-avenue/,0,0,https://www.openstreetmap.org/way/484599147
Lakeview Elementary School,Tigers,https://sites.google.com/ccsd1schools.net/lakeview-elementary-school-hp/home,0,0,https://www.openstreetmap.org/way/500564968
Hillcrest Elementary School,Panthers,https://sites.google.com/a/ccsd1schools.net/hillcrest-elementary/home,0,0,https://www.openstreetmap.org/way/501072418
Fox Mill Elementary School,Foxes,https://foxmilles.fcps.edu/,0,0,https://www.openstreetmap.org/way/504641074
Northside Elementary School,Fighting,https://www.ecisd.org/page/about-us-nse,0,0,https://www.openstreetmap.org/way/518683415
Myatt Elementary School,Fighting,https://www.ecisd.org/page/myatt,0,0,https://www.openstreetmap.org/way/518683416
Canterbury Woods Elementary School,Cougars,https://canterburywoodses.fcps.edu/,0,0,https://www.openstreetmap.org/way/519185224
Shenandoah Elementary School,Braves,https://shenandoahes.net/,0,0,https://www.openstreetmap.org/way/522225994
Dickenson Elementary School,dolphins,https://www.hillsboroughschools.org/dickenson,0,0,https://www.openstreetmap.org/way/523040785
Morgan Woods Elementary School,Tigers,https://www.hillsboroughschools.org/morganwoods,0,0,https://www.openstreetmap.org/way/523058552
Lanier Elementary School,Dolphins,https://www.hillsboroughschools.org/lanier,0,0,https://www.openstreetmap.org/way/523360683
Chesterfield Elementary School,Chesterfield,https://www.chesterfieldschool.com/,0,0,https://www.openstreetmap.org/way/525038396
Whittier Elementary School,Wildcats,https://www.op97.org/whittier,0,0,https://www.openstreetmap.org/way/542990132
Basha Elementary School,Bobcats,https://www.cusd80.com/basha,0,0,https://www.openstreetmap.org/way/544459212
Lunada Bay Elementary School,Dolphins,https://lunadabay.pvpusd.net/,0,0,https://www.openstreetmap.org/way/548811466
Pleasant Green Elementary School,PAWSitively,https://schools.graniteschools.org/pleasantgreen/,0,0,https://www.openstreetmap.org/way/548948048
Lorton Station Elementary School,Roadrunners,https://www.fcps.edu/lortonstationes/,0,0,https://www.openstreetmap.org/way/551685532
North Douglas Elementary School,Warriors,https://www.northdouglas.k12.or.us/,0,0,https://www.openstreetmap.org/way/551772290
Tri City Elementary School,Tri,https://www.susd.k12.or.us/tce/,0,0,https://www.openstreetmap.org/way/551783313
John W Armstrong Elementary School,Aviators,https://www.garlandisdschools.net/armstrong,0,0,https://www.openstreetmap.org/way/553339998
Martin Luther King Junior Elementary School,Suns,https://mlk.scusd.edu/,0,0,https://www.openstreetmap.org/way/554539618
Prosperity-Rikard Elementary School,LIONS,https://www.newberry.k12.sc.us/o/pre,0,0,https://www.openstreetmap.org/way/556299593
Leonard Shanklin Elementary School,Fighting,https://es.luling.txed.net/,0,0,https://www.openstreetmap.org/way/566143437
Washington Montessori Elementary School,Pandas,https://www.slps.org/washington,0,0,https://www.openstreetmap.org/way/570079684
Carl L. Herfurth Elementary School,Broncos,https://www.garlandisdschools.net/herfurth,0,0,https://www.openstreetmap.org/way/571068158
Vienna Elementary School,Vikings,https://viennaes.fcps.edu/,0,0,https://www.openstreetmap.org/way/584763142
Denair Elementary School,Coyotes,https://deca.denairusd.org/,0,0,https://www.openstreetmap.org/way/585628875
Gilmore Elementary School,Hawks,https://gilmore.bpsma.org/,0,0,https://www.openstreetmap.org/way/586716332
Lake Linden-Hubbell Elementary School,Lakes,http://www.lakelinden.k12.mi.us/elementary.php,0,0,https://www.openstreetmap.org/way/590251902
John A. Bishop Elementary School,Bishop,https://bishop.arlington.k12.ma.us/,0,0,https://www.openstreetmap.org/way/590281180
Walzem Elementary School,Colts,https://www.neisd.net/walzem,0,0,https://www.openstreetmap.org/way/594287055
M. R. Weaver Elementary School,Flyers,https://www.npsb.la/o/mrw,0,0,https://www.openstreetmap.org/way/594353609
Kahoa Elementary School,Kahoa,https://kahoa.lps.org/,0,0,https://www.openstreetmap.org/way/605951965
Juan Seguin Elementary School,Roadrunners,https://seguin.mcallenisd.org/,0,0,https://www.openstreetmap.org/way/614289672
Valley View Elementary School,Tigers,https://vve.vviewisd.net/,0,0,https://www.openstreetmap.org/way/628397376
Valley View North Elementary School,Tigers,https://vvne.vviewisd.net/,0,0,https://www.openstreetmap.org/way/628397380
Wilbur E. Lucas Elementary School,Tigers,https://wele.vviewisd.net/,0,0,https://www.openstreetmap.org/way/630034976
Valley View South Elementary School,Tigers,https://vvse.vviewisd.net/,0,0,https://www.openstreetmap.org/way/630034977
Cherry Run Elementary School,Cardinals,https://cherryrunes.fcps.edu/,0,0,https://www.openstreetmap.org/way/638802515
Richland Elementary School,Eagles,https://www.d88a.org/,0,0,https://www.openstreetmap.org/way/646573928
Cedarwood Elementary School,Cubs,https://cedarwood.pusdk12.org/,0,0,https://www.openstreetmap.org/way/657363284
Arcadia Elementary School,SCHOLARS,https://arcadia.sd162.org/,0,0,https://www.openstreetmap.org/way/660089787
Serna Elementary School,Seals,https://www.neisd.net/serna,0,0,https://www.openstreetmap.org/way/660753536
Schuylkill Elementary School,Phantoms,https://ses.pasd.com/,0,0,https://www.openstreetmap.org/way/661469535
Longfellow Elementary School,Cougars,https://longfellow.boiseschools.org/,0,0,https://www.openstreetmap.org/way/661934961
Whittier Elementary School,Vikings,https://whittier.boiseschools.org/,0,0,https://www.openstreetmap.org/way/663558387
Hawthorne Elementary School,Hawks,https://hawthorne.boiseschools.org/,0,0,https://www.openstreetmap.org/way/664338997
Garfield Elementary School,Grizzlies,https://garfield.boiseschools.org/,0,0,https://www.openstreetmap.org/way/664339002
Arturo Cantu Elementary School,Mighty,https://cantu.mcisd.net/,0,0,https://www.openstreetmap.org/way/664921659
Leal Elementary School,Superstars,https://leal.mcisd.net/,0,0,https://www.openstreetmap.org/way/664921662
Adams Elementary School,All,https://adams.boiseschools.org/,0,0,https://www.openstreetmap.org/way/666218634
East Coloma-Nelson Elementary School,Bulldogs,https://www.ecoloma.net/,0,0,https://www.openstreetmap.org/way/668049663
Bemis Elementary School,Bemis,https://bemis.troy.k12.mi.us/,0,0,https://www.openstreetmap.org/way/671291785
Horizon Elementary School,Explorers,https://horizon.boiseschools.org/,0,0,https://www.openstreetmap.org/way/675700313
Pine Valley Elementary School,Top,https://pinevalley.nhcs.net/,0,0,https://www.openstreetmap.org/way/680389571
Glenwood Elementary School,Bears,https://glenwood-lausd-ca.schoolloop.com/,0,0,https://www.openstreetmap.org/way/682320861
Sun Valley Elementary School,Bengals,https://www.peoriaunified.org/SunValley,0,0,https://www.openstreetmap.org/way/683780308
Dessie Evans Elementary School,Owls,https://eva.puyallupsd.org/,0,0,https://www.openstreetmap.org/way/687275612
Earlville Elementary School,Wildcats,https://www.maquoketa-v.k12.ia.us/,0,0,https://www.openstreetmap.org/way/687718560
Lutz Elementary School,Leopards,http://lutz.mysdhc.org/,0,0,https://www.openstreetmap.org/way/688518299
Floyd M. Jewett Elementary school,Bulldogs,https://www.mesick.org/,0,0,https://www.openstreetmap.org/way/697207654
Hill View Elementary School,Hawks,https://www.sylvaniaschools.org/hillviewelementary_home.aspx,0,0,https://www.openstreetmap.org/way/700459899
S M Seabourn Elementary School,Lions,https://seabournelementary.mesquiteisd.org/,0,0,https://www.openstreetmap.org/way/701470891
Creekview Elementary School,Cougars,https://www.middletowncityschools.com/creekview-elementary/,0,0,https://www.openstreetmap.org/way/704105939
Ashlawn Elementary School,Global,https://ashlawn.apsva.us/,0,0,https://www.openstreetmap.org/way/704544084
Cottonwood Elementary School,Panther,https://sites.google.com/ccsd1schools.net/cottonwood,0,0,https://www.openstreetmap.org/way/705318729
East Cliff Elementary School,Lil,https://www.g-pisd.org/ec,0,0,https://www.openstreetmap.org/way/707455551
Lake Forest North Elementary,Spartans,https://www.lf.k12.de.us,0,0,https://www.openstreetmap.org/way/715470798
Lewiston Elementary School,Cardinals,https://www.jlas.org/,0,0,https://www.openstreetmap.org/way/717276683
Mary S Shoemaker Elementary School,Wolverines,https://www.woodstown.org/Domain/10,0,0,https://www.openstreetmap.org/way/717937122
Rawsonville Elementary School,Tigers,https://www.vanburenschools.net/o/rawsonville-elementary,0,0,https://www.openstreetmap.org/way/718128119
Kenowa Hills Central Elementary School,Knights,https://www.khps.org/central-elementary,0,0,https://www.openstreetmap.org/way/718458982
Zinser Elementary School,Knights,https://www.khps.org/zinser-elementary,0,0,https://www.openstreetmap.org/way/718758408
Evart Elementary School,Wildcats,https://evartps.org/schools/elementary-school/,0,0,https://www.openstreetmap.org/way/722755013
John F. Baldwin Elementary School,Cougars,https://jbes.srvusd.net,0,0,https://www.openstreetmap.org/way/722838144
Morse Elementary School,Morse,https://morse.troy.k12.mi.us/,0,0,https://www.openstreetmap.org/way/723157807
Park Side Elementary School,Tigers,https://www.marshall.k12.mn.us/,0,0,https://www.openstreetmap.org/way/724777252
Howard J McKibben Elementary School,Cubs,https://mckibben.swhittier.k12.ca.us/,0,0,https://www.openstreetmap.org/way/730952529
Wellton Elementary School,Bulldogs,https://www.welltonschool.org/,0,0,https://www.openstreetmap.org/way/732746795
SGA Elementary School,Cubs,https://sga.burke.k12.ga.us/,0,0,https://www.openstreetmap.org/way/736911796
John Tyson Elementary School,Tigers,https://www.sdale.org/o/john-tyson-elementary,0,0,https://www.openstreetmap.org/way/738091933
Denham Springs Elementary School,Yellow,https://www.denhamspringselem.org,0,0,https://www.openstreetmap.org/way/738937986
Linda Childers Knapp Elementary School,Navigators,https://knapp.sdale.org/,0,0,https://www.openstreetmap.org/way/743767616
Harp Elementary School,Hawks,https://harp.sdale.org/,0,0,https://www.openstreetmap.org/way/744473300
George Elementary School,Giants,https://george.sdale.org/,0,0,https://www.openstreetmap.org/way/746277270
Alfred Elementary School,Mustangs,https://www.rsu57.org/o/alfred,0,0,https://www.openstreetmap.org/way/746356015
Walter Turnbow Elementary School,Thoroughbreds,https://turnbow.sdale.org/,0,0,https://www.openstreetmap.org/way/749970733
Walker Elementary School,Wildcats,https://walker.sdale.org/,0,0,https://www.openstreetmap.org/way/752095954
Horizon Elementary School,Red,https://www.sunprairieschools.org/horizon,0,0,https://www.openstreetmap.org/way/753433689
Barnes Elementary School,Bears,https://www.kelso.wednet.edu/o/barnes,0,0,https://www.openstreetmap.org/way/758555857
Lemon Road Elementary School,Lions,https://lemonroades.fcps.edu/,0,0,https://www.openstreetmap.org/way/762573616
Jones Elementary School,Jaguars,https://jones.sdale.org/,0,0,https://www.openstreetmap.org/way/763005996
Parson Hills Elementary School,Panthers,https://parson-hills.sdale.org/,0,0,https://www.openstreetmap.org/way/768837871
Hassayampa Elementary School,Coyotes,https://www.wickenburgschools.org/Domain/9,0,0,https://www.openstreetmap.org/way/769561541
Tyrone Thompson Elementary School,Trailblazers,https://www.tyronethompsones.com/,0,0,https://www.openstreetmap.org/way/771552731
Blountstown Elementary School,Tigers,http://www.blountstownelementary.org/,0,0,https://www.openstreetmap.org/way/773641208
Roger Anton Elementary School,Gators,https://anton.sbcusd.com/,0,0,https://www.openstreetmap.org/way/775172308
Neal Roberts Elementary School,Koalas,https://roberts.sbcusd.com/,0,0,https://www.openstreetmap.org/way/776369528
Newmark Elementary School,Knights,https://newmark.sbcusd.com/,0,0,https://www.openstreetmap.org/way/776386537
Kensington Parkwood Elementary School,SOARING,https://www2.montgomeryschoolsmd.org/Schools/Parkwoodes/,0,0,https://www.openstreetmap.org/way/777112639
Edith Unsworth Elementary School,Suns,https://web.dusd.net/unsworth/,0,0,https://www.openstreetmap.org/way/781135582
Rio San Gabriel Elementary School,Mustangs,https://web.dusd.net/riosangabriel/,0,0,https://www.openstreetmap.org/way/781137719
Lee Elementary School,Lions,https://lee.sdale.org/,0,0,https://www.openstreetmap.org/way/781345042
Needville Elementary School,Fighting,https://www.needvilleisd.com/o/needville-elementary-school,0,0,https://www.openstreetmap.org/way/781374818
Township Elementary School,Roadrunners,https://township.simivalleyusd.org/,0,0,https://www.openstreetmap.org/way/786374041
Carmela Elementary School,Dolphins,https://carmela.swhittier.k12.ca.us/,0,0,https://www.openstreetmap.org/way/797763366
Kenneth Divich Elementary,Divich,https://www.divichelementary.org/,0,0,https://www.openstreetmap.org/way/799153641
Yates Elementary School,Eaglets,http://yates.mysdhc.org/,0,0,https://www.openstreetmap.org/way/799261602
Westwood Elementary School,Wolves,https://westwood.sdale.org/,0,0,https://www.openstreetmap.org/way/803168147
Jo Anna Connell Elementary School,Cougars,https://www.eriesd.org/connell,0,0,https://www.openstreetmap.org/way/810543437
Dunseith Elementary School,Dragons,https://www.dunseith.k12.nd.us/,0,0,https://www.openstreetmap.org/way/812914686
Marylyn E. Burns Elementary School,Mighty,https://burnsbandits.weebly.com/,0,0,https://www.openstreetmap.org/way/817385839
Cromack Elementary School,MIGHTY,https://cromackelementaryschool.weebly.com/,0,0,https://www.openstreetmap.org/way/817385851
Mariano Gonzalez, Sr. Elementary School,Mighty,https://mlalicia0023.wixsite.com/mysite,0,0,https://www.openstreetmap.org/way/817385858
Raquel Pea Elementary School,Mighty,http://penaelementary.weebly.com/,0,0,https://www.openstreetmap.org/way/817424395
Bernice Young Elementary School,Yellowjackets,https://young.sdale.org/,0,0,https://www.openstreetmap.org/way/823024234
Providence Elementary School,Panthers,https://providencees.fcps.edu/,0,0,https://www.openstreetmap.org/way/824855554
Harding Elementary School,Dragons,https://www.eriesd.org/harding,0,0,https://www.openstreetmap.org/way/825529109
Loma Vista Elementary School,Lobos,https://lomavista.swhittier.k12.ca.us/,0,0,https://www.openstreetmap.org/way/831803950
Cucamonga Elementary School,Cubs,https://ces.cuca.k12.ca.us,0,0,https://www.openstreetmap.org/way/832401496
Monitor Elementary School,Mallards,https://monitor.sdale.org/,0,0,https://www.openstreetmap.org/way/833000825
Elmdale Elementary School,Eagles,https://elmdale.sdale.org/,0,0,https://www.openstreetmap.org/way/833242780
Lake Marie Elementary School,Leopards,https://lakemarie.swhittier.k12.ca.us/,0,0,https://www.openstreetmap.org/way/841066004
Bayyari Elementary School,Bears,https://bayyari.sdale.org/,0,0,https://www.openstreetmap.org/way/845135207
Dewey Elementary School,Hornets,https://www.chillicotheschools.org/o/dewey,0,0,https://www.openstreetmap.org/way/845504810
Field Elementary School,Hornets,https://www.chillicotheschools.org/o/field,0,0,https://www.openstreetmap.org/way/845504814
Mountain Vista Elementary School,Wildcats,https://mountainvista.fillmoreusd.org/,0,0,https://www.openstreetmap.org/way/847840912
Corydon Elementary School,Falcons,https://www.wayne.k12.ia.us/,0,0,https://www.openstreetmap.org/way/852780004
Cornish Elementary School,Wildcats,https://www.cornishschool.org/,0,0,https://www.openstreetmap.org/way/856528867
Hemby Bridge Elementary,Bulldogs,https://www.ucps.k12.nc.us/Domain/17,0,0,https://www.openstreetmap.org/way/862806256
Ramona Elementary School,Rams,https://ramonaelementarybusd.org/,0,0,https://www.openstreetmap.org/way/864020004
Santa Fe Elementary School,Chiefs,https://www.santafechiefs.k12.mo.us/o/santa-fe-elementary-school,0,0,https://www.openstreetmap.org/way/870930049
Joe Harris Elementary School,Retrievers,https://joeharris.rrps.net/,0,0,https://www.openstreetmap.org/way/872415776
Thurman G. Smith Elementary School,Stallions,https://smith.sdale.org/,0,0,https://www.openstreetmap.org/way/874500824
Imperial Elementary School,Bulldogs,https://web.dusd.net/imperial/,0,0,https://www.openstreetmap.org/way/876414599
Ramona Elementary School,Ramona,https://ramona.hawthornesd.org/,0,0,https://www.openstreetmap.org/way/878968219
Washington Elementary School,Wildcats,https://washington.hawthornesd.org/,0,0,https://www.openstreetmap.org/way/878968241
Chapman Elementary School,Brilliant,https://chapmanes.lausd.org/,0,0,https://www.openstreetmap.org/way/879110661
Amity Elementary School,Groundhogs,https://amity.boiseschools.org/,0,0,https://www.openstreetmap.org/way/881732494
Montair Elementary School,Roadrunners,https://mtes.srvusd.net,0,0,https://www.openstreetmap.org/way/885643795
Monterey Elementary School,Eagles,https://monterey.sbcusd.com/,0,0,https://www.openstreetmap.org/way/890127208
Sunflower Elementary School,Falcons,https://www.usd290.org/o/ses,0,0,https://www.openstreetmap.org/way/893457333
Micheltorena Elementary School,Mighty,https://www.micheltorena.org/,0,0,https://www.openstreetmap.org/way/898624133
Willow Springs Elementary School,Foxes,https://willowspringses.fcps.edu/,0,0,https://www.openstreetmap.org/way/904933733
Mt. Washington Elementary School,Mt,https://mtwashington-lausd-ca.schoolloop.com/,0,0,https://www.openstreetmap.org/way/907803386
Waikele Elementary School,Waikele,https://www.waikelees.org/,0,0,https://www.openstreetmap.org/way/910092460
Wingate Elementary School,Bearcubs,https://wes.bie.edu/,0,0,https://www.openstreetmap.org/way/914908237
Agra Elementary School,Bearcats,https://www.agra.k12.ok.us/,0,0,https://www.openstreetmap.org/way/916269532
University Elementary School,Univees,https://university.mccsc.edu/,0,0,https://www.openstreetmap.org/way/916296343
Arlington Heights Elementary School,Eagles,https://arlingtonheights.mccsc.edu/,0,0,https://www.openstreetmap.org/way/916317349
South Newton Elementary School,Rebels,https://www.southnewton.com/o/snes,0,0,https://www.openstreetmap.org/way/918493477
Buchanan Street Elementary School,Bobcats,https://buchananstes-lausd-ca.schoolloop.com/,0,0,https://www.openstreetmap.org/way/919773540
Fairview Elementary,Wildcats,https://www.mccsc.edu/fairview,0,0,https://www.openstreetmap.org/way/920587826
Achievement First Bridgeport Academy Elementary School,Panthers,https://www.achievementfirst.org/school/achievement-first-bridgeport-academy-elementary-school,0,0,https://www.openstreetmap.org/way/922950443
Waimalu Elementary School,Warriors,https://www.waimaluelementary.org/,0,0,https://www.openstreetmap.org/way/923161949
Brushy Creek Elementary School,Blue,https://brushycreek.roundrockisd.org/,0,0,https://www.openstreetmap.org/way/927241013
Morse Elementary School,TIGERS,https://www.acadia.k12.la.us/o/moes,0,0,https://www.openstreetmap.org/way/930365175
Dixie Elementary School,Dixie,https://www.newlebanonschools.org/,0,0,https://www.openstreetmap.org/way/936158897
Laurel Hill Elementary School,Lions,https://laurelhilles.fcps.edu,0,0,https://www.openstreetmap.org/way/938173552
Amsterdam Elementary School,Amsterdam,https://ams.htps.us/o/ams,0,0,https://www.openstreetmap.org/way/941064616
Roosa Elementary School,Zebras,https://www.claremore.k12.ok.us/o/roosa,0,0,https://www.openstreetmap.org/way/942935736
Westside Elementary School,Zebras,https://www.claremore.k12.ok.us/o/westside,0,0,https://www.openstreetmap.org/way/942935769
Washington Elementary School,Patriots,https://washingtonelementarybusd.org/,0,0,https://www.openstreetmap.org/way/943132048
Redwood Shores Elementary,Seals,https://redwoodshores.brssd.org/,0,0,https://www.openstreetmap.org/way/943967116
Malala Yousafzai Elementary,LEOPARDS,https://www.fortbendisd.com/mye,0,0,https://www.openstreetmap.org/way/949842516
Robert J. O'Brien Elementary School,O,https://obrien.easthartford.org,0,0,https://www.openstreetmap.org/way/951529412
Copeland Elementary School,Wildcats,https://www.rcboe.org/copeland,0,0,https://www.openstreetmap.org/way/953581856
San Andreas Elementary School,Wildcats,https://sae.custudents.net/home,0,0,https://www.openstreetmap.org/way/961484407
Veterans Elementary School,Heroes,https://veterans.bcsdk12.net/,0,0,https://www.openstreetmap.org/way/970424021
Sequoyah Elementary School,Stallions,https://www2.montgomeryschoolsmd.org/schools/sequoyahes/,0,0,https://www.openstreetmap.org/way/971209714
Folsom Elementary School,Falcons,https://www.hillsboroughschools.org/folsom,0,0,https://www.openstreetmap.org/way/971828196
James J. Flynn Elementary School,Panthers,https://www.paps.net/,0,0,https://www.openstreetmap.org/way/980614380
Gibsonton Elementary School,Bulldogs,https://www.hillsboroughschools.org/gibsonton,0,0,https://www.openstreetmap.org/way/980723867
Atkins Elementary School,Lions,https://atkins.caddoschools.org/o/aes,0,0,https://www.openstreetmap.org/way/981562321
Spring Hill Elementary School,Panthers,https://springhilles.fcps.edu/,0,0,https://www.openstreetmap.org/way/983246443
Ronald E. McNair Elementary School,Rockets,https://mcnairschool.org/,0,0,https://www.openstreetmap.org/way/994989530
Gillespie Elementary School,Wildcats,https://gillespietech.org/,0,0,https://www.openstreetmap.org/way/995731686
Scott Joplin Elementary School,Jaguars,https://www.scottjoplinschool.org/,0,0,https://www.openstreetmap.org/way/995731687
Winton Elementary School,Wolves,https://www.cdaschools.org/winton,0,0,https://www.openstreetmap.org/way/995773329
Hancock Elementary School,Heat,https://www.cusd80.com/hancock,0,0,https://www.openstreetmap.org/way/997556911
Line Elementary School,Mustangs,https://line.rsu57.org/,0,0,https://www.openstreetmap.org/way/1006659300
Copper Ridge Elementary School,Copper,https://cre.vailschooldistrict.org/,0,0,https://www.openstreetmap.org/way/1007828434
Western Valley Elementary School,Wildcats,https://wves.fesd.org/,0,0,https://www.openstreetmap.org/way/1009382811
Nottingham Elementary School,Knights,https://nottingham.apsva.us/,0,0,https://www.openstreetmap.org/way/1012880196
Belomont Elementary School,Tigers,https://www.hillsboroughschools.org/belmont,0,0,https://www.openstreetmap.org/way/1023361207
Snowville Elementary School,Stingers,https://www.snowville.besd.net/,0,0,https://www.openstreetmap.org/way/1028745969
Kingswood Elementary School,Panthers,https://www.hillsboroughschools.org/kingswood,0,0,https://www.openstreetmap.org/way/1050792977
Madison Heights Elementary School,Knights,https://mhes.amherst.k12.va.us/,0,0,https://www.openstreetmap.org/way/1056786662
Saddlewood Elementary School,Stallions,https://www.marionschools.net/sde,0,0,https://www.openstreetmap.org/way/1059701924
Auburndale Elementary School,Pink,https://auburndaleelem.com/,0,0,https://www.openstreetmap.org/way/1059902584
Cicero West Elementary School,Eagles,https://cicerowest.cicd99.edu/,0,0,https://www.openstreetmap.org/way/1065311046
Sirrine Elementary School,Sabercats,https://www.mpsaz.org/sirrine,0,0,https://www.openstreetmap.org/way/1065988013
Birney Elementary School,Bobcats,https://birney.rbusd.org/,0,0,https://www.openstreetmap.org/way/1067694232
Monroeville Elementary School,literary,https://mes.monroe.k12.al.us/,0,0,https://www.openstreetmap.org/way/1070373268
Churchill Road Elementary School,Bobcats,https://churchillroades.fcps.edu/,0,0,https://www.openstreetmap.org/way/1082193060
Bixby West Elementary School,Spartans,https://www.bixbyps.org/o/bixby-west-elementary,0,0,https://www.openstreetmap.org/way/1086188183
Bucknell Elementary School,Bulldogs,https://bucknelles.fcps.edu,0,0,https://www.openstreetmap.org/way/1090781582
West Shore Elementary School,Wildcats,https://www.hillsboroughschools.org/westshore,0,0,https://www.openstreetmap.org/way/1098680709
Bellaire Elementary School,Bombers,https://bellaire.bossierschools.org/,0,0,https://www.openstreetmap.org/way/1099953576
Falcon Hill Elementary School,FIREBIRDS,https://www.mpsaz.org/falconhill,0,0,https://www.openstreetmap.org/way/1109126055
Entz Elementary,Explorers,https://www.mpsaz.org/entz,0,0,https://www.openstreetmap.org/way/1109879105
Mendoza Elementary School,PUPS,https://www.mpsaz.org/mendoza,0,0,https://www.openstreetmap.org/way/1110462930
Freedom Hill Elementary School,Eagles,https://freedomhilles.fcps.edu/,0,0,https://www.openstreetmap.org/way/1110827359
Chesterbrook Elementary School,Chipmunks,https://chesterbrookes.fcps.edu/,0,0,https://www.openstreetmap.org/way/1112003661
Waynewood Elementary School,Owls,https://www.fcps.edu/WaynewoodES/,0,0,https://www.openstreetmap.org/way/1115100720
Hidden Hollow Elementary School,Hornets,https://hiddenhollow.alpineschools.org/,0,0,https://www.openstreetmap.org/way/1115277670
Sierra Verde Elementary School,Vipers,https://www.dvusd.org/sierraverde,0,0,https://www.openstreetmap.org/way/1117067122
Wiscasset Elementary School,WMHS,https://www.wiscassetschools.org,0,0,https://www.openstreetmap.org/way/1118722813
Ida Redbird Elementary School,RAMS,https://www.mpsaz.org/redbird,0,0,https://www.openstreetmap.org/way/1120486881
Guerrero Elementary School,Geckos,https://www.mpsaz.org/guerrero,0,0,https://www.openstreetmap.org/way/1120704521
Red Mountain Ranch Elementary School,CHALLENGERS,https://www.mpsaz.org/rmre,0,0,https://www.openstreetmap.org/way/1120930273
Woodley Hills Elementary School,Beavers,https://woodleyhillses.fcps.edu/,0,0,https://www.openstreetmap.org/way/1122030687
Colvin Run Elementary School,Dragons,https://colvinrunes.fcps.edu/,0,0,https://www.openstreetmap.org/way/1123860558
Cassell Park Elementary School,Knights,http://sites.isdschools.org/cassellpark,0,0,https://www.openstreetmap.org/way/1126515435
Rolling Valley Elementary School,Rockin,https://www.fcps.edu/RollingValleyES/,0,0,https://www.openstreetmap.org/way/1131553566
Sanborn Elementary School,Suns,https://www.cusd80.com/sanborn,0,0,https://www.openstreetmap.org/way/1134321849
Faith Mather Sossaman Elementary School,Sabercats,https://sossaman.qcusd.org/,0,0,https://www.openstreetmap.org/way/1136332025
Moriarty Elementary School,Colts,https://mms.mesd.us/,0,0,https://www.openstreetmap.org/way/1148663304
Abraham Lincoln Elementary School,Lions,https://www.op97.org/lincoln,0,0,https://www.openstreetmap.org/way/1149231937
Walnut Elementary School,Eagles,https://www.walnuteagles.net/,0,0,https://www.openstreetmap.org/way/1150560008
Henderson Elementary School,Eagles,https://www.henderson.laramie1.org/,0,0,https://www.openstreetmap.org/way/1152588407
East Union Elementary School,Eagles,https://www.eastunionschools.org/,0,0,https://www.openstreetmap.org/way/1156075028
Margaret Heath Elementary School,Huskies,https://heath.bpusd.net/,0,0,https://www.openstreetmap.org/way/1157520599
Horace Mann Elementary School,Mustangs,https://www.op97.org/mann,0,0,https://www.openstreetmap.org/way/1158097130
Longfellow Elementary School,Bears,https://www.op97.org/longfellow,0,0,https://www.openstreetmap.org/way/1158584840
William Beye Elementary School,Bobcats,https://www.op97.org/beye,0,0,https://www.openstreetmap.org/way/1158584841
William Hatch Elementary School,Tigers,https://www.op97.org/hatch,0,0,https://www.openstreetmap.org/way/1158584842
Washington Irving Elementary School,Eagles,https://www.op97.org/irving/,0,0,https://www.openstreetmap.org/way/1158584844
Lexington Elementary School,Eagles,https://les.lexingtonisd.net/,0,0,https://www.openstreetmap.org/way/1175882817
Bryan Elementary School,Bears,https://www.cdaschools.org/BRYAN,0,0,https://www.openstreetmap.org/way/1184710698
Wilson Elementary School,Warriors,https://www.sd170.com/o/wiles,0,0,https://www.openstreetmap.org/way/1189568271
Hesston Elementary School,Swathers,https://es.hesstonschools.org/,0,0,https://www.openstreetmap.org/way/1191847496
Fife Lake Elementary School,Warriors,https://forestarea.org/fife-lake-elementary/,0,0,https://www.openstreetmap.org/way/1193255012
William Penn Elementary School,Penguins,https://schools.graniteschools.org/penn/,0,0,https://www.openstreetmap.org/way/1199617006
Ortiz de Domnguez Elementary School,Pandas,https://www.ortizdedominguez.cps.edu/,0,0,https://www.openstreetmap.org/way/1209213252
LB Morris Elementary School,Olympians,https://www.jimthorpesd.org/,0,0,https://www.openstreetmap.org/way/1211895326
Binford Elementary School,Badgers,https://binford.mccsc.edu/,0,0,https://www.openstreetmap.org/way/1221414186
Cypress Springs Elementary School,Wildcats,https://cypresssprings.lincolnschools.org/o/cse,0,0,https://www.openstreetmap.org/way/1221445874
Hillcrest Elementary School,Hawks,https://hillcrest.lincolnschools.org/o/hes,0,0,https://www.openstreetmap.org/way/1222147690
Dubach Elementary School,Hornets,https://dubach.lincolnschools.org/o/des,0,0,https://www.openstreetmap.org/way/1222652771
Blanchard Elementary School,Eagles,https://blanchard.caddoschools.org/o/bes,0,0,https://www.openstreetmap.org/way/1223040807
Glen View Elementary School,Gators,https://glenview.lincolnschools.org/o/gves,0,0,https://www.openstreetmap.org/way/1227029363
Helendale Elementary School,HAWKS,https://www.helendalesd.org/Schools/Helendale-Elementary-School-HES/index.html,0,0,https://www.openstreetmap.org/way/1227118675
Dr. Martin Luther King Elementary School,Cougars,https://www.whd147.org/schools/martin-luther-king-elementary/,0,0,https://www.openstreetmap.org/way/1239172215
Berne Union Elementary/High School,Rockets,https://www.buschools.com/,0,0,https://www.openstreetmap.org/way/1240004111
Brinnon Elementary School,Bobcats,https://www.bsd46.org/,0,0,https://www.openstreetmap.org/way/1240323396
Knolls Elementary School,Knights,https://knolls.simivalleyusd.org/,0,0,https://www.openstreetmap.org/way/1248980185
Clearfield Elementary School,Bison,https://www.clearfield.org/o/elementary,0,0,https://www.openstreetmap.org/way/1251744405
Matteson Elementary School,Eagles,https://matteson.sd162.org/,0,0,https://www.openstreetmap.org/way/1253018292
Las Sendas Elementary School,COYOTES,https://lassendas.mpsaz.org,0,0,https://www.openstreetmap.org/way/1259130888
Albert Baxter Elementary School,Polar,https://albertbaxterelementary.org/,0,0,https://www.openstreetmap.org/way/1259719986
Sycamore Elementary School,Skyhawks,https://sycamore.simivalleyusd.org/,0,0,https://www.openstreetmap.org/way/1261383143
Normandy Elementary School,Knights,https://normandy.jeffcopublicschools.org/,0,0,https://www.openstreetmap.org/way/1261393518
Ruston Elementary School,Lions,https://rustonelem.lincolnschools.org/o/res,0,0,https://www.openstreetmap.org/way/1261747109
Earl N. Jenkins Elementary School,Patriots,https://jenkinspatriots.org,0,0,https://www.openstreetmap.org/way/1261922897
Pleasant Valley Elementary - Junior High School,Cowboys,https://www.pleasantvalleyschools.org/,0,0,https://www.openstreetmap.org/way/1268046866
Margaret Chase Smith Elementary School,Spartans,https://www.sanford.org,0,0,https://www.openstreetmap.org/way/1268725569
Mountain View Elementary School,Wolves,https://mountainview.simivalleyusd.org/,0,0,https://www.openstreetmap.org/way/1270214686
Meridian Elementary School,Yellow,https://www.meridianisd.org/page/mes,0,0,https://www.openstreetmap.org/way/1271843383
Nathan Hale Elementary School,Hawks,http://nathanhale.meriden.k12.ct.us,0,0,https://www.openstreetmap.org/way/1274761476
Roger Sherman Elementary School,Stars,http://sherman.meriden.k12.ct.us,0,0,https://www.openstreetmap.org/way/1274765325
Thomas Hooker Elementary School,Huskies,http://thomashooker.meriden.k12.ct.us/,0,0,https://www.openstreetmap.org/way/1275052458
Secrest Elementary School,Firebirds,https://secrest.jeffcopublicschools.org/,0,0,https://www.openstreetmap.org/way/1276526117
Munn Elementary School,Rangers,https://munn.spencerportschools.org/,0,0,https://www.openstreetmap.org/way/1279863244
Carver Elementary School,Challengers,https://www.georgewashingtoncarverelementary.org/,0,0,https://www.openstreetmap.org/way/1282987941
Kermit Elementary School,Yellowjackets,https://kes.kermitisd.org/o/kes,0,0,https://www.openstreetmap.org/way/1284680845
Arroyo Elementary School,Macaw,https://arroyo.simivalleyusd.org/,0,0,https://www.openstreetmap.org/way/1290122082
Baldwin Elementary School - Primary Center,Bullpups,http://www.usd348.com/schools/bespc/,0,0,https://www.openstreetmap.org/way/1290703427
Baldwin Elementary School - Intermediate Center,Bullpups,http://www.usd348.com/schools/besic/,0,0,https://www.openstreetmap.org/way/1290703436
Earl Warren Elementary School,Panthers,https://earlwarren.scusd.edu/,0,0,https://www.openstreetmap.org/way/1291179554
Suy:u Elementary School,Hawks,https://suy-u.scusd.edu/,0,0,https://www.openstreetmap.org/way/1291208701
Bret Harte Elementary School,Roadrunners,https://bretharte.mcs4kids.com/,0,0,https://www.openstreetmap.org/way/1295800441
Leo James Leo Elementary School,Leo,https://leo.lajoyaisd.com/o/leo,0,0,https://www.openstreetmap.org/way/1298101342
Southwest Calloway Elementary,Lakers,https://southwest.calloway.kyschools.us/,0,0,https://www.openstreetmap.org/way/1299082867
East Calloway Elementary School,Lakers,https://calloway.kyschools.us/,0,0,https://www.openstreetmap.org/way/1299082868
Aragon Avenue Elementary School,Eagles,https://aragonavees.lausd.org/,0,0,https://www.openstreetmap.org/way/1301351378
R. V. Kerr Elementary School,Kerr,https://kerr.bossierschools.org/,0,0,https://www.openstreetmap.org/way/1302099746
T. L. Rodes Elementary School,Wranglers,https://rodes.bossierschools.org/,0,0,https://www.openstreetmap.org/way/1302099753
Waller Elementary School,Wildcats,https://waller.bossierschools.org/,0,0,https://www.openstreetmap.org/way/1302099755
Bonita Elementary School,Dust,https://www.bonitaesd.com/,0,0,https://www.openstreetmap.org/way/1303841887
Meadow View Elementary School,Otters,https://www.sunprairieschools.org/meadow-view-elementary,0,0,https://www.openstreetmap.org/way/1315547595
Haven Bay Elementary,Great,https://havenbay.wsd.net/,0,0,https://www.openstreetmap.org/way/1316303346
Royal Palm Elementary School,Mustangs,https://royalpalmelementary.net/,0,0,https://www.openstreetmap.org/way/1317210729
Rockdale Elementary School,blue,https://es.rockdaleisd.net/,0,0,https://www.openstreetmap.org/way/1319986734
Sonal Bhuchar Elementary,Bengals,https://www.fortbendisd.com/sbe,0,0,https://www.openstreetmap.org/way/1320940392
Wadsworth Elementary School,WES,https://www.wespanthers.com/,0,0,https://www.openstreetmap.org/way/1326404901
J. L. Jones Elementary School,mighty,https://jes.websterpsb.org/,0,0,https://www.openstreetmap.org/way/1328612846
North Webster Upper Elementary School,Dragons,https://nwues.websterpsb.org/,0,0,https://www.openstreetmap.org/way/1328612860
William B. Travis Elementary School,Lion,https://travis.ecisd.us/,0,0,https://www.openstreetmap.org/way/1329740895
Lyndon B. Johnson Elementary School,Bobcat,https://lbj.ecisd.us/,0,0,https://www.openstreetmap.org/way/1329740896
Grapeand Elementary School,Fightin,https://www.grapelandisd.net,0,0,https://www.openstreetmap.org/way/1330585471
Choudrant Elementary School,Lil,https://choudrantelem.lincolnschools.org/o/ces,0,0,https://www.openstreetmap.org/way/1332682309
Thousand Oaks Elementary School,Thunderbolts,https://thousandoaks.neisd.net/,0,0,https://www.openstreetmap.org/way/1342194963
Templeton Elementary School,Tigers,https://templeton.mccsc.edu/,0,0,https://www.openstreetmap.org/way/1342996869
Baker Place Elementary School,Eagles,https://bakerplacees.ccboe.net,0,0,https://www.openstreetmap.org/way/1345334928
Rankin Elementary School,Red,https://www.rankinisd.net/,0,0,https://www.openstreetmap.org/way/1358386657
Christoval Elementary School,4,https://www.christovalisd.org,0,0,https://www.openstreetmap.org/way/1358468817
Brookhaven Elementary School,Broncos,https://www.killeenisd.org/Brookhaven,0,0,https://www.openstreetmap.org/way/1362981192
Hay Branch Elementary School,Hawks,https://www.killeenisd.org/HayBranch,0,0,https://www.openstreetmap.org/way/1362986452
Schnepf Elementary School,Schnepf,https://schnepf.qcusd.org/,0,0,https://www.openstreetmap.org/way/1381528988
Hayfield Elementary School,Hawks,https://www.fcps.edu/HayfieldES/,0,0,https://www.openstreetmap.org/way/1382158939
Estherwood Elementary School,Bobcats,https://www.acadia.k12.la.us/o/ewes,0,0,https://www.openstreetmap.org/way/1387949368
Mermentau Elementary School,Mermentau,https://www.acadia.k12.la.us/o/mes,0,0,https://www.openstreetmap.org/way/1387949391
Thomas Jefferson Elementary School,Patriots,https://tjes.lcps.k12.va.us/,0,0,https://www.openstreetmap.org/way/1390596703
Kika de la Garza Elementary School,Innocents,https://kika.lajoyaisd.com/,0,0,https://www.openstreetmap.org/way/1410559533
Keller Elementary School,COUGARS,https://www.mpsaz.org/keller,0,0,https://www.openstreetmap.org/way/1411676532
Madison Elementary School,MUSTANGS,https://www.mpsaz.org/madison,0,0,https://www.openstreetmap.org/way/1412090696
Crismon Elementary School,Cougars,https://www.mpsaz.org/crismon,0,0,https://www.openstreetmap.org/way/1412618912
Rann Elementary School,Eagles,https://www.decaturisd.us/o/re,0,0,https://www.openstreetmap.org/way/1414485668
STEM Academy at Enis Elementary,Eagles,https://www.decaturisd.us/o/stem,0,0,https://www.openstreetmap.org/way/1414487518
Wilson Elementary School,WILDCATS,https://www.mpsaz.org/wilson,0,0,https://www.openstreetmap.org/way/1416893587
Montgomery Elementary School,Mustangs,https://www.neisd.net/montgomery,0,0,https://www.openstreetmap.org/way/1424251724
Oak Heights Elementary School,Bobcats,https://ohe.edmonds.wednet.edu/,0,0,https://www.openstreetmap.org/way/1424489151
Roosevelt Elementary School,Raiders,https://roosevelt.maywood89.org/,0,0,https://www.openstreetmap.org/way/1434912013
Rogers Elementary School,Rockets,https://rogers.mccsc.edu/,0,0,https://www.openstreetmap.org/way/1435796462
Clear Creek Elementary School,Comets,https://clearcreek.mccsc.edu/,0,0,https://www.openstreetmap.org/way/1435797889
Grandview Elementary School,Tigers,https://grandview.mccsc.edu/,0,0,https://www.openstreetmap.org/way/1435797890
Highland Park Elementary School,Pandas,https://highlandpark.mccsc.edu/,0,0,https://www.openstreetmap.org/way/1435797891
Lakeview Elementary School,Lions,https://lakeview.mccsc.edu/,0,0,https://www.openstreetmap.org/way/1435797892
Marlin Elementary School,Dragons,https://marlin.mccsc.edu/,0,0,https://www.openstreetmap.org/way/1435797893
Unionville Elementary School,Arrows,https://unionville.mccsc.edu/,0,0,https://www.openstreetmap.org/way/1435797894
Belmont Cragin Elementary School,Tigers,https://belmontcragin.cps.edu/,0,0,https://www.openstreetmap.org/way/1443554186
Hanson Park Elementary School,Hawks,https://hanson.cps.edu/,0,0,https://www.openstreetmap.org/way/1443555069
Olympia Elementary School,Judson,https://olympia.judsonisd.org/,0,0,https://www.openstreetmap.org/way/1446021498
Kimbark Elementary School,Coyotes,https://kimbark.sbcusd.com,0,0,https://www.openstreetmap.org/way/1450652434
Centennial Elementary School,Cubs,https://www.ruesd.net/o/centennial,0,0,https://www.openstreetmap.org/way/1450994215
Applegate Elementary School,Cougars,https://www.cal.k12.or.us/page/contact-us,0,0,https://www.openstreetmap.org/way/1452567585
Hutchins Elementary School,Fighting,https://www.ecisd.org/page/about-us-he,0,0,https://www.openstreetmap.org/way/1453341534
Fort Belvoir Elementary School,Dolphins,https://www.fcps.edu/FtBelvoirES/,0,0,https://www.openstreetmap.org/relation/1687494
Island Creek Elementary School,Crocs,https://islandcreekes.fcps.edu/,0,0,https://www.openstreetmap.org/relation/1937098
Belle View Elementary School,Bobcats,https://belleviewes.fcps.edu,0,0,https://www.openstreetmap.org/relation/1984124
Thomas E Kerns Elementary,Wildcats,http://www.greenville.k12.sc.us/kerns/main.asp?titleid=aboutus,0,0,https://www.openstreetmap.org/relation/4594400
Dr. Herbert N. Richardson 21st Century Elementary School,Silver,https://www.paps.net/richardson,0,0,https://www.openstreetmap.org/relation/4846680
Franklin Elementary School,Falcons,https://www.nps.k12.nj.us/FRA/,0,0,https://www.openstreetmap.org/relation/6542659
Codington Elementary School,Cougars,https://codington.nhcs.net/,0,0,https://www.openstreetmap.org/relation/13095666
San Mateo Elementary School,Loyal,https://dcps.duvalschools.org/sanmateo,0,0,https://www.openstreetmap.org/relation/13691471
Holmes Elementary School,Hedgehogs,https://wp.lps.org/holmes/,0,0,https://www.openstreetmap.org/relation/14338187
Robertsville Elementary School,Roadrunners,https://res.mtps.org/,0,0,https://www.openstreetmap.org/relation/15616948
Miami Heights Elementary School,Mustangs,https://miamiheightselementary.net/,0,0,https://www.openstreetmap.org/relation/16160486
Pinecrest Elementary School,Parrots,https://pinecrestelem.net/,0,0,https://www.openstreetmap.org/relation/17323145
Waipahu Elementary School,Soaring,https://www.waipahuelem.k12.hi.us/,0,0,https://www.openstreetmap.org/relation/18223117
Mark Twain Elementary School,Tigers,https://mt.carthagetigers.org/,0,0,https://www.openstreetmap.org/relation/18947837
Scott A Crossfield Elementary School,Rockets,https://crossfieldes.fcps.edu/,0,0,https://www.openstreetmap.org/relation/19441349
Crdenas Elementary School,Warriors,https://cardenas.cps.edu/,0,0,https://www.openstreetmap.org/relation/19736615
Adlai E. Stevenson Elementary School,Eagles,https://stevenson.cps.edu/,0,0,https://www.openstreetmap.org/relation/19736684
Greenbriar East Elementary School,Road,https://greenbriareastes.fcps.edu/,0,0,https://www.openstreetmap.org/relation/19786898
